{
    "Version": "2012-10-17",
    "Statement": [
        {
            "Effect": "Allow",
            "Action": [
                "codedeploy:RegisterApplicationRevision",
                "codedeploy:GetApplicationRevision"
            ],
            "Resource": [
                "arn:aws:codedeploy:us-east-1:381691501957:application:CRMMavericksProject"
            ]
        },
        {
            "Effect": "Allow",
            "Action": [
                "codedeploy:CreateDeployment",
                "codedeploy:GetDeployment"
            ],
            "Resource": [
                "*"
            ]
        },
        {
            "Effect": "Allow",
            "Action": [
                "codedeploy:GetDeploymentConfig"
            ],
            "Resource": [
                "arn:aws:codedeploy:us-east-1:381691501957:deploymentconfig:CodeDeployDefault.OneAtATime",
                "arn:aws:codedeploy:us-east-1:381691501957:deploymentconfig:CodeDeployDefault.HalfAtATime",
                "arn:aws:codedeploy:us-east-1:381691501957:deploymentconfig:CodeDeployDefault.AllAtOnce"
            ]
        }
    ]
}